AMESA,Saudi Arabia
AMESA,India
AMESA,South Africa
AMESA,Egypt
AMESA,Nigeria
AMESA,Pakistan
APAC,Australia
APAC,Malaysia
APAC,New Zealand
APAC,Philippines
APAC,Singapore
APAC,Thailand
APAC,Vietnam
LATAM,Argentina
LATAM,Bolivia
LATAM,Brazil
LATAM,Chile
LATAM,Colombia
LATAM,Ecuador
LATAM,Guatemala
LATAM,Mexico
LATAM,Paraguay
LATAM,Peru
LATAM,Puerto Rico
LATAM,Uruguay
PBNA,United States
PBNA,Canada
PFNA,United States
PFNA,Canada
EUROPE,Albania
EUROPE,Belarus
EUROPE,Belgium
EUROPE,Bosnia
EUROPE,Croatia
EUROPE,Cyprus
EUROPE,Czech Rep
EUROPE,Denmark
EUROPE,Estonia
EUROPE,Finland
EUROPE,France
EUROPE,Germany
EUROPE,Greece
EUROPE,Hungary
EUROPE,Iceland
EUROPE,Ireland
EUROPE,Israel
EUROPE,Italy
EUROPE,Kazakhstan
EUROPE,Kosovo
EUROPE,Latvia
EUROPE,Lithuania
EUROPE,Moldova
EUROPE,Montenegro
EUROPE,Netherlands
EUROPE,North Macedonia
EUROPE,Norway
EUROPE,Poland
EUROPE,Portugal
EUROPE,Romania
EUROPE,Russian Federation
EUROPE,Serbia
EUROPE,Slovakia
EUROPE,Slovenia
EUROPE,Spain
EUROPE,Sweden
EUROPE,Switzerland
EUROPE,Turkey
EUROPE,United Kingdom
EUROPE,Ukraine
